<assembly xmlns="http://maven.apache.org/plugins/maven-assembly-plugin/assembly/1.1.0"
          xmlns:xsi="http://www.w3.org/2001/XMLSchema-instance"
          xsi:schemaLocation="http://maven.apache.org/plugins/maven-assembly-plugin/assembly/1.1.0 http://maven.apache.org/xsd/assembly-1.1.0.xsd">
    <id>bin</id>
    <formats>
        <format>zip</format>
    </formats>
    <dependencySets>
        <dependencySet>
            <unpack>false</unpack>
            <outputDirectory>data/lib/</outputDirectory>
            <outputFileNameMapping>${artifact.artifactId}-${artifact.version}.${artifact.extension}</outputFileNameMapping>
        </dependencySet>
    </dependencySets>
    <files>
        <file>
            <source>${project.basedir}/target/${project.name}-${project.version}.jar</source>
            <outputDirectory>.</outputDirectory>
            <destName>installer.jar</destName>
        </file>
    </files>
</assembly>
