<assembly xmlns="http://maven.apache.org/plugins/maven-assembly-plugin/assembly/1.1.0"
          xmlns:xsi="http://www.w3.org/2001/XMLSchema-instance"
          xsi:schemaLocation="http://maven.apache.org/plugins/maven-assembly-plugin/assembly/1.1.0 http://maven.apache.org/xsd/assembly-1.1.0.xsd">
    <id>bin</id>
    <formats>
        <format>zip</format>
    </formats>

    <!-- Copie le jar dans le zip (le jar contient déjà les dependences)-->
    <files>
        <file>
            <source>${project.basedir}/target/${project.name}-${project.version}-with-dependencies.jar</source>
            <outputDirectory>.</outputDirectory>
            <destName>${project.name}-${project.version}.jar</destName>
        </file>
    </files>

</assembly>
